<?xml version="1.0" encoding="UTF-8" ?>
<Configuration status="DEBUG">
    <Properties>
        <Property name="LOG_PATTERN">%d{HH:mm:ss.SSSZ} [%t] %-5level %logger{36} - %msg%n</Property>
    </Properties>
    <Appenders>
        <Console name="ConsoleLog" target="SYSTEM_OUT">
            <PatternLayout pattern="${LOG_PATTERN}" charset="UTF-8"/>
        </Console>
    </Appenders>
    <Loggers>
        <Root level="info">
            <AppenderRef ref="ConsoleLog" />
            <AppenderRef ref="FileLog" />
        </Root>
    </Loggers>
</Configuration>